site_name,latitude,longitude,county,river_basin,ecoregion
Adams Creek: Broken Arrow High School,36.07472222,-95.76861111,Tulsa,Arkansas R.,Central Irregular Plains
Adams Creek: Oak Grove Road,36.0958,-95.6724,Wagoner,Arkansas R.,Central Irregular Plains
Ballard Creek: E 0660 (Oak Hill),36.06111667,-94.573,Adair,Illinois R.,Ozark Highlands
Ballard Creek: Wainscott,36.014656,-94.548142,Adair,Illinois R.,Ozark Highlands
Bandy Creek: Pleasant Hill Road,34.90841667,-95.29630556,Latimer,Arkansas R.,Arkansas Valley
Baron Fork River: Welling Road,35.86811111,-94.897,Cherokee,Illinois R.,Ouachita Mountains
"Bear Creek: E 0110 Road, Kaw Tribe",36.8537222,-96.88425,Kay,Arkansas R.,Flint Hills
Bear Creek: Miller Ranch,35.68744444,-98.6105,Blaine,Canadian R.,Central Great Plains
Beaty Creek,36.35007,-94.783425,Delaware,Arkansas R.,Ozark Highlands
Beaty Creek: Curry Cabin,36.41122222,-94.62563889,Delaware,Arkansas R.,Ozark Highlands
Beaver Creek: N 4370 Rd,35.1122,-95.24357,Haskell,Arkansas R.,Arkansas Valley
Big Cabin Creek: E 90 Road,36.888106,-95.169349,Craig,Arkansas R.,Central Irregular Plains
Big Spring Trib of Bitter Creek: Big Spring Picnic Area,35.93325,-98.44216667,Blaine,Cimarron R.,Central Great Plains
Bird Creek: Rustic Lounge,36.293267,-95.960829,Tulsa,Arkansas R.,Central Irregular Plains
Bird Creek: Walnut St.,35.887277,-97.416415,Logan,Cimarron R.,Central Great Plains
Bishop Creek Tributary: Basket 12,35.20769,-97.41724,Cleveland,Canadian R.,Central Great Plains
Bishop Creek: Constitution & Hwy 9,35.18047222,-97.43127778,Cleveland,Canadian R.,Central Great Plains
Bishop Creek: Constitution Street,35.18958,-97.42893,Cleveland,Canadian R.,Central Great Plains
Bishop Creek: Eastwoods Park,35.21316,-97.43333,Cleveland,Canadian R.,Central Great Plains
Bishop Creek: Lindsey Street,35.20375,-97.43582,Cleveland,Canadian R.,Central Great Plains
Bixby Creek: Riverview,35.932747,-95.876903,Tulsa,Arkansas R.,Central Irregular Plains
Black Bear Creek: Railroad Yard,36.342272,-96.80223,Pawnee,Arkansas R.,Central Great Plains
Black Fork of Poteau River: CR D1513,34.8245166,-94.62565,LeFlore,Arkansas R.,Arkansas Valley
Black Fox Creek: Illinois Confluence,36.11716667,-94.80933333,Cherokee,Illinois R.,
Blackboy Creek: Limestone Crossing (aka Bigheart Creek),36.1726111,-96.0825833,Osage,Arkansas R.,Cross Timbers
Blue Beaver Creek: Pecan Road,34.5361666,-98.5655277,Comanche,Upper Red R.,Central Great Plains
Bluff Creek: Battiest,34.44914,-94.94017,McCurtain,Little R.,Ouachita Mountains
Bluff Creek: NW 150th,35.62381,-97.6,Oklahoma,Cimarron R.,Central Great Plains
Boiling Springs Creek: Scout Trail Bridge,36.45772222,-99.29869444,Woodward,Canadian R.,Central Great Plains
Boomer Creek @ 3rd Ave.,36.1191,-97.0518,Payne,Cimarron R.,Cross Timbers
Boomer Creek @ S. Perkins Rd,36.11224,-97.0515,Payne,Cimarron R.,Cross Timbers
Boomer Creek: McElroy,36.1302777,-97.0558611,Payne,Cimarron R.,Cross Timbers
Brookhaven Creek: North of Main,35.219267,-97.502944,Cleveland,Canadian R.,Central Great Plains
Brush Creek,36.4054,-94.7956,Delaware,Arkansas R.,Ouachita Mountains
Brush Creek: nr. Jay,36.3698,-94.8037,Delaware,Arkansas R.,Ozark Highlands
Buckhorn Creek: Binderim Road,34.43369444,-96.94388889,Murray,Washita R.,Cross Timbers
Buckhorn Creek: Ramsey,34.709177,-97.962334,Grady,Upper Red R.,Cross Timbers
Buffalo Creek: Ballard,34.3908888,-94.4725833,McCurtain,Little R.,Ouachita Mountains
Buffalo Creek: Cosby,36.84039,-99.69523,Harper,Cimarron R.,Central Great Plains
Buffalo Creek: Hwy 74B,35.1025,-97.61137,McClain,Canadian R.,Cross Timbers
Campbell Creek: OCU Property,35.41521,-97.6515,Oklahoma,Canadian R.,Central Great Plains
Caston Creek: CR 149,34.96628,-94.75188,LeFlore,Arkansas R.,Arkansas Valley
Cat Creek: Muskogee Ave,36.302753,-95.615872,Rogers,Arkansas R.,Central Irregular Plains
Catfish Creek: Hwy 66,35.82016667,-96.412,Creek,Canadian R.,Cross Timbers
Cave Springs Branch of Honey Creek,36.56305556,-94.639,Delaware,Arkansas R.,Ozark Highlands
Cedar Hollow Creek: Nickel Preserve,35.99871,-94.89736,Cherokee,Illinois R.,Ouachita Mountains
Chambers Creek,36.23417,-95.64345,Rogers,Arkansas R.,Central Irregular Plains
Cherry Creek: Rainwater,36.364727,-95.882753,Tulsa,Arkansas R.,Central Irregular Plains
Chisholm Creek: Sunny Hollow Road,35.6439,-97.52791,Oklahoma,Cimarron R.,
Chisholm Creek: Western,35.6233,-97.5335,Oklahoma,Cimarron R.,Cross Timbers
Chisholm Creek: NW 186 & Western,35.660447,-97.532443,Oklahoma,Cimarron R.,Cross Timbers
Chisholm Creek: Sorghum Mill Rd,35.71095,-97.53001,Oklahoma,Cimarron R.,Cross Timbers
Choctaw Creek: Indian Meridian,35.499895,-97.247462,Oklahoma,Canadian R.,
Choctaw Creek: Triple X Rd.,35.502458,-97.230161,Oklahoma,Canadian R.,
Chuckwa Creek: Carl Albert Park,34.01668,-96.3865,Bryan,Lower Red R.,South Central Plains
Clear Boggy Creek: Hwy 377,34.703326,-96.63493,Pontotoc,Lower Red R.,Arkansas Valley
Clear Boggy Creek: Winter Smith Bridge,34.75786,-96.65497,Pontotoc,Lower Red R.,Arkansas Valley
Clear Creek,33.9405,-95.1204,McCurtain,Lower Red R.,South Central Plains
Cloud Creek: Hall's,36.314572,-94.755174,Delaware,Arkansas R.,Ozark Highlands
Cloudy Creek,34.30374,-95.28748,Pushmataha,Little R.,Ouachita Mountains
Coal Creek: Elwood,36.00655556,-95.99369444,Tulsa,Arkansas R.,
Coal Creek: EW 137 Road (Mail Route Road),35.0337,-96.16512,Hughes,Canadian R.,Arkansas Valley
Coal Creek: Hwy 11,36.19556,-95.915,Tulsa,Arkansas R.,Central Irregular Plains
Coal Creek: Morris Park,35.98608333,-96.007,Tulsa,Arkansas R.,Cross Timbers
Coal Creek: Morris Creek,35.98608,-96.0069166,Tulsa,Arkansas R.,Central Irregular Plains
Coal Creek: N. Sara Rd,35.296694,-97.706278,Grady,Canadian R.,Central Great Plains
Coffee Creek: Hwy 66,35.65996,-97.33218,Oklahoma,Canadian R.,Cross Timbers
Coffee Creek: N Sooner Rd,35.6899,-97.42504,Oklahoma,Canadian R.,Cross Timbers
Cotton Creek,36.932026,-95.81389,Nowata,Arkansas R.,Central Irregular Plains
Cow Creek: West Virginia Avenue,36.12318,-97.09975,Payne,Cimarron R.,Cross Timbers
Cow Creek: Hwy 51,36.11605,-97.09904,Payne,Cimarron R.,Cross Timbers
Crooked Oak Creek: SE 22nd St.,35.442151,-97.467247,Oklahoma,Canadian R.,Central Great Plains
Croton Creek: Unit 71,35.58902778,-99.83636111,Roger Mills,Washita R.,Central Great Plains
Crow Creek: Zink Park,36.11806,-95.97,Tulsa,Arkansas R.,Cross Timbers
Crutcho Creek: I-40,35.45151,-97.43491,Oklahoma,Canadian R.,Cross Timbers
Crutcho Creek: North Sooner Road,35.47219444,-97.42352778,Oklahoma,Canadian R.,Cross Timbers
Crutcho Creek: First Southern Baptist Church,35.4014,-97.4232,Oklahoma,Canadian R.,Cross Timbers
Dave Blue Creek: 60th Ave. SE,35.18458,-97.353115,Cleveland,Canadian R.,Cross Timbers
Deep Fork River: Britton Road,35.56572,-97.44539,Oklahoma,Canadian R.,Cross Timbers
Deep Fork River: E 0930 Road,35.66655,-96.6800333,Lincoln,Canadian R.,Cross Timbers
Deep Fork River: Eastern,35.53458,-97.47682,Oklahoma,Canadian R.,Cross Timbers
Deep Fork River: Greyhound Track,35.54058,-95.91225,Okmulgee,Canadian R.,Cross Timbers
Deep Fork River: Hwy 56 Bridge,35.6132222,-96.0238055,Okmulgee,Canadian R.,Cross Timbers
Deep Fork River: River Bend,35.5798333,-95.9845555,Okmulgee,Canadian R.,Cross Timbers
Deep Fork River: Rocky Shoals,35.5781944,-95.9943888,Okmulgee,Canadian R.,Cross Timbers
Deep Fork River: Wilshire (Site # 110),35.55114167,-97.459,Oklahoma,Canadian R.,Cross Timbers
Deep Fork Tributary: Classen,35.53349,-97.528907,Oklahoma,Canadian R.,Central Great Plains
Deer Creek: Hwy 4,35.61830556,-97.745,Canadian,Cimarron R.,Central Great Plains
Deer Creek: Meridian Avenue,35.66936111,-97.60275,Oklahoma,Cimarron R.,Central Great Plains
Deer Creek: Coffee Creek Rd.,35.696595,-97.57895,Oklahoma,Cimarron R.,Central Great Plains
Delaware Creek: Camp Simpson Witch Hole,34.40928,-96.540661,Johnston,Lower Red R.,Arbuckle
Delaware Creek: Hwy 97 Bridge,36.2555,-96.1216,Osage,Arkansas R.,Cross Timbers
Dirty Butter Creek: 36th St N,36.206091,-95.969059,Tulsa,Arkansas R.,
Dirty Creek: N 4370 Rd.,35.51223,-95.23845,Muskogee,Arkansas R.,
Doe Creek: Yearling,36.50706,-97.32506,Noble,Arkansas R.,Central Great Plains
Dog Creek: Blue Starr Dr.,36.321794,-95.57908,Rogers,Arkansas R.,Central Irregular Plains
Double Spring Creek: W 730 Road,35.959664,-95.076129,Cherokee,Arkansas R.,Ozark Highlands
Double Springs Creek: Morgan,35.96186111,-95.05377778,Cherokee,Arkansas R.,Ozark Highlands
Duck Creek: Myers Park,36.11162,-97.08418,Payne,Cimarron R.,Cross Timbers
Duck Creek: Ridge & Arrowhead,36.12138,-97.0861,Payne,Cimarron R.,
East Brush Creek: McElroy Rd.,36.13072,-97.00242,Payne,Cimarron R.,
East Cache Creek: Big Green,34.58692,-98.37067,Comanche,Upper Red R.,Central Great Plains
East Cache Creek: Rogers Lane,34.63778,-98.3618,Comanche,Upper Red R.,Central Great Plains
Elm Creek Wetlands: East Creek,36.28,-95.821,Tulsa,Arkansas R.,Central Irregular Plains
Elm Creek Wetlands: Pond Outfall,36.27916667,-95.822,Tulsa,Arkansas R.,Central Irregular Plains
Elm Creek Wetlands: West Creek,36.27972222,-95.823,Tulsa,Arkansas R.,
Elm Creek: 66th Street North,36.25455556,-95.83,Tulsa,Arkansas R.,Central Irregular Plains
Elm Creek: Indian Hills Road,35.2907,-97.34877,Cleveland,Canadian R.,Cross Timbers
Ewers Creek: D0418 Road,36.40177778,-99.00077778,Woodward,Cimarron R.,Central Great Plains
Feather Creek: Old Hwy 51,36.1308888,-96.8801944,Payne,Cimarron R.,Central Great Plains
Fish Creek: NS393,35.27547222,-96.01644444,Hughes,Canadian R.,Arkansas Valley
Flat Rock Creek: E1140 Road,35.3625277,-96.2328333,Okfuskee,Canadian R.,Cross Timbers
Flat Rock Creek: Hwy 75,36.22514,-95.94467,Tulsa,Arkansas R.,Cross Timbers
Flatrock Creek: Peoria,36.213253,-95.975761,Tulsa,Arkansas R.,Central Irregular Plains
"Flint Creek: Fiddlers Bend, Above Illinois River",36.17488889,-94.71891667,Delaware,Illinois R.,Ozark Highlands
"Fourche Maline Creek: Ayerdale Road, near Red Oak",34.9124,-95.156,Latimer,Arkansas R.,
Fourche Maline Creek: Black Loop,34.9184,-95.2174,Latimer,Arkansas R.,Arkansas Valley
Fourche Maline Creek: Centerpoint Road,34.9334,-95.321,Latimer,Arkansas R.,Arkansas Valley
Fourche Maline Creek: Robbers Cave State Park,35.00280556,-95.336,Latimer,Arkansas R.,Arkansas Valley
Fourmile Creek: Adams Park,35.53243,-97.97684,Canadian,Canadian R.,Central Great Plains
Frazier Creek: Williams,34.6998,-94.97273,LeFlore,Little R.,Ouachita Mountains
Fred Creek: Evanston,36.0515,-95.9469,Tulsa,Arkansas R.,Cross Timbers
Fred Creek: Pebble,36.057186,-95.935454,Tulsa,Arkansas R.,Central Irregular Plains
Gobbler Creek Trib: EW 132 Road,35.10157,-96.08332,Hughes,Canadian R.,Arkansas Valley
Guy James Creek: NW Eubanks St.,35.5074,-97.51885,Oklahoma,Canadian R.,Cross Timbers
Guy Sandy Creek,34.519045,-97.025526,Murray,Washita R.,Cross Timbers
Hager Creek: E 91st St,36.0319444,-95.9980555,Tulsa,Arkansas R.,
Haikey Creek Tributary: Wolf Creek Park Bridge,36.024557,-95.822941,Tulsa,Arkansas R.,Central Irregular Plains
Haikey Creek: 121st Street,35.98833333,-95.85166667,Tulsa,Arkansas R.,Central Irregular Plains
Haikey Creek: Aspen Creek Park,36.049531,-95.811367,Tulsa,Arkansas R.,Central Irregular Plains
Haikey Tributary: Regent Preparatory School,36.03848,-95.88335,Tulsa,Arkansas R.,Central Irregular Plains
Harlow Creek: Edison,36.1610277,-96.0434444,Tulsa,Arkansas R.,Cross Timbers
Headquarters Creek: Scott,35.898955,-96.99832,Lincoln,Cimarron R.,Central Great Plains
Hickory Creek: Hwy 70,34.172433,-97.174944,Carter,Upper Red R.,Cross Timbers
Hog Creek,35.3195,-97.2497,Cleveland,Canadian R.,Cross Timbers
Holi-Tuska Trib,35.219305,-94.637633,Le Flore,Arkansas R.,Arkansas Valley
Holi-Tuska: Grants Farm,35.2190049,-94.63772899,Le Flore,Arkansas R.,Arkansas Valley
Holson Creek: D4598 (Summerfield),34.840533,-94.853164,LeFlore,Arkansas R.,
Hominy Creek: Cotton Gin Road,36.33929722,-96.04857778,Osage,Arkansas R.,Central Irregular Plains
"Hominy Creek: D 0410, Cotton Gin Road",36.4245277,-96.3370277,Osage,Arkansas R.,
Honey Creek: Berry Bluff,36.54222222,-97.71052778,Delaware,Arkansas R.,Central Great Plains
Honey Creek: Gerstner,36.54583333,-94.739,Delaware,Arkansas R.,Ozark Highlands
Honey Creek: Needham,36.54430556,-94.68819444,Delaware,Arkansas R.,Ozark Highlands
Horse Creek: S 540 Rd,36.677748,-94.908947,Ottawa,Arkansas R.,Central Irregular Plains
Jackson Creek: Pearce,34.730183,-95.092756,Latimer,Little R.,Ouachita Mountains
Jimmy Creek: Prose,34.7864,-98.58164,Comanche,Upper Red R.,Wichita Mountains
Joe Creek: Metro Christian,36.068273,-95.9616802,Tulsa,Arkansas R.,Central Irregular Plains
Kiowa Creek: Hollow N1620,36.658766,-100.10926,Beaver,Canadian R.,Southwestern Tablelands
Lake Creek: Winter Smith Bridge,34.75786,-96.65497,Pontotoc,Lower Red R.,Arkansas Valley
Lariat Creek: E 940 (American Horse Road),35.65265,-98.427367,Blaine,Canadian R.,Central Great Plains
Lightning Creek: SE 35th St.,35.4295,-97.5131,Oklahoma,Canadian R.,Central Great Plains
Little Beaver Creek: E 0030 Road,36.96991667,-96.81088889,Kay,Arkansas R.,Flint Hills
"Little Deep Creek: Weatherford, Upstream of Treatment Plant",35.51852778,-98.70008333,Custer,Canadian R.,Central Great Plains
Little Deep Fork (2): N 3650,35.81188889,-96.512,Creek,Canadian R.,Cross Timbers
Little Deep Fork Creek: E 0830 Road,35.813484,-96.435346,Creek,Canadian R.,Cross Timbers
Little Deep Fork: Hwy 48,35.80311111,-96.38661111,Creek,Canadian R.,Cross Timbers
Little Horse Creek,36.6977,-94.9093,Ottawa,Arkansas R.,Ozark Highlands
Little Mountain Trib. of Mountain Creek: N 4660,35.02475,-94.73568333,LeFlore,Arkansas R.,Arkansas Valley
Little Polecat Creek: Jones,35.96593,-96.247663,Creek,Arkansas R.,Cross Timbers
Little River: Little River Park,35.333004,-97.499467,Cleveland,Canadian R.,Central Great Plains
Little River: N. Porter Ave,35.26878,-97.44136,Cleveland,Canadian R.,
Little River: SW 34th Street,35.3053,-97.4868,Cleveland,Canadian R.,Central Great Plains
Little Sandy Creek: Chamber Loop,34.78297,-96.67247,Pontotoc,Canadian R.,Arkansas Valley
Little Sandy Creek: Hwy 99,34.84261,-96.686,Pontotoc,Canadian R.,Arkansas Valley
Little Stillwater Creek: Hwy 51 (Diamond Valley Church),36.11693,-96.94492,Payne,Cimarron R.,Central Great Plains
Little Wewoka Creek,35.2318,-96.2957,Hughes,Canadian R.,Cross Timbers
Long Creek: Chapple Farm,36.56994444,-99.18677778,Woodward,Cimarron R.,Central Great Plains
Lost Creek,36.80327778,-94.71455556,Ottawa,Arkansas R.,Ozark Highlands
Lost Creek: Woody,35.97655,-97.00729,Payne,Cimarron R.,Cross Timbers
Lukfata Creek,34.134602,-94.809665,McCurtain,Little R.,
Medicine Creek: Apache (Stayer),34.7778055,-98.6106388,Comanche,Upper Red R.,Wichita Mountains
Medicine Creek: Ft. Sill Ambrosia Springs Park,34.67339,-98.38594,Comanche,Upper Red R.,Central Great Plains
Merkle Creek: Brooks Street,35.2075,-97.47969,Cleveland,Canadian R.,Central Great Plains
Middle Creek: Buzzard Roost Ranch,35.17027,-96.05408,Hughes,Canadian R.,Arkansas Valley
Mill Creek: McClure Park,36.14972222,-95.891,Tulsa,Arkansas R.,Central Irregular Plains
Mill Creek: North Daube Ranch Road,34.38125,-96.839361,Johnston,Washita R.,Cross Timbers
Mill Creek: Prater,34.621944,-96.593889,Pontotoc,Lower Red R.,Arkansas Valley
Mill Creek: E1660 Rd,34.6067,-96.6435,Pontotoc,Lower Red R.,Arkansas Valley
Mingo Creek: 46th Street North,36.2203333,-95.8577777,Tulsa,Arkansas R.,Central Irregular Plains
Minnehaha Creek: Canton,36.05155,-98.5857,Blaine,Canadian R.,Central Great Plains
Minnehaha Creek: Mason Hall,36.04267,-98.60695,Blaine,Canadian R.,Central Great Plains
Mooser Creek Trib: Riverfield School,36.0792,-96.0184,Tulsa,Arkansas R.,Cross Timbers
Mooser Creek: Elwood,36.0875,-95.993,Tulsa,Arkansas R.,Cross Timbers
Mooser Creek: Pepsi,36.08558333,-95.999,Tulsa,Arkansas R.,Cross Timbers
Mooser Creek: South Haven,36.0809,-96.0377,Tulsa,Arkansas R.,Cross Timbers
Morris Creek: Gillham,34.952414,-94.618087,LeFlore,Arkansas R.,Arkansas Valley
Mountain Creek: D 4655 (Kennedy Bridge),35.00553,-94.74896,LeFlore,Arkansas R.,Arkansas Valley
Mountain Creek: E 1400 Road (Shiloh Crossing),34.98558,-94.74335,LeFlore,Arkansas R.,Arkansas Valley
Mountain Fork: Goat's Head,34.4683,-94.53508,McCurtain,Little R.,
Mud Creek: E 2170 Road,33.8665666,-94.72015,McCurtain,Little R.,South Central Plains
Mustang Creek: Morgan Road,35.43913889,-97.68863889,Canadian,Canadian R.,Central Great Plains
Nickel Creek: 91st Street,36.0319,-96.0284,Tulsa,Arkansas R.,Cross Timbers
"North Canadian River: Lake Road, Shawnee",35.333,-96.95986,Pottawatomie,Canadian R.,Cross Timbers
North Fork Creek: Estates Park Bridge,35.333024,-97.459137,Cleveland,Canadian R.,Central Great Plains
North Fork of Little River: SE 34th St.,35.305315,-97.445216,Cleveland,Canadian R.,Central Great Plains
North Stillwater Creek: CR150,36.20931,-97.2119,Noble,Cimarron R.,
Northeast Creek: Metro Tech,35.511583,-97.478173,Oklahoma,Canadian R.,Cross Timbers
Okmulgee Creek: 20th Street,35.6099166,-95.9716944,Okmulgee,Canadian R.,Cross Timbers
Okmulgee Creek: Creek Complex,35.6405,-95.95997222,Okmulgee,Canadian R.,
Okmulgee Creek: Deep Fork Confluence,35.5865833,-95.9855833,Okmulgee,Canadian R.,
Okmulgee Creek: 13th St.,35.615401,-95.969334,Okmulgee,Canadian R.,Cross Timbers
Okmulgee Creek: Muskogee Ave.,35.62683,-95.96801,Okmulgee,Canadian R.,Central Irregular Plains
Owasso Creek,36.264838,-95.849422,Tulsa,Arkansas R.,Central Irregular Plains
Panther Creek: Hwy 49,34.7246944,-98.6734444,Comanche,Upper Red R.,Central Great Plains
Park Hill Branch Creek: Murrell Home,35.85468,-94.957,Cherokee,Illinois R.,Ouachita Mountains
"Park Hill Branch: N 4520 Road, Trailer Park",35.8547222,-94.9677777,Cherokee,Illinois R.,Ozark Highlands
Parkhill Branch: Parkhill Rd.,35.8548,-94.9676,Cherokee,Illinois R.,Ozark Highlands
Pecan Creek; S. Butler Rd.,35.90687,-95.06467,Cherokee,Arkansas R.,Ozark Highlands
Penn Creek: Peh-Tse-Moie Park,36.4223055,-96.3947777,Osage,Arkansas R.,Cross Timbers
Pennington Creek,34.35330556,-96.71,Johnston,Washita R.,
Pennington Creek: Refuge Airport,34.21062,-96.68179,Johnston,Washita R.,
Pennington Creek: Underwood,34.408611,-96.738889,Johnston,Washita R.,Cross Timbers
Pennington Creek: Turnaround,34.22761,-96.68633,Johnston,Washita R.,Cross Timbers
Pennington Creek: Upper,34.2505,-96.68053,Johnston,Washita R.,
Pennington Creek: West Road Trail,34.188141,-96.66741,Johnston,Washita R.,Cross Timbers
Pipe Spring Branch: Coverdell,36.120794,-95.200292,Mayes,Arkansas R.,
Polecat Creek: 33rd West,36.0151,-96.0297,Tulsa,Arkansas R.,Cross Timbers
Polecat Creek: 49th West Ave,36.02201,-96.04861,Creek,Arkansas R.,Cross Timbers
Polecat Creek: Elm,36.01329,-95.97724,Tulsa,Arkansas R.,Central Irregular Plains
Polk Creek: Central,35.081955,-94.62288,LeFlore,Arkansas R.,Arkansas Valley
"Posey Creek: Sandusky Avenue, Yale Place",35.9636,-95.9283,Tulsa,Arkansas R.,Central Irregular Plains
Post Oak Creek: Indiahoma Road,34.6967777,-98.7335277,Comanche,Upper Red R.,Central Great Plains
Potato Creek: Shidler Lake Pasture Crossing,36.77902,-96.61567,Osage,Arkansas R.,Flint Hills
Poteau River: Below Wister Dam,34.93987,-94.71622,LeFlore,Arkansas R.,
Push Creek: N 4730 Road,33.7335666,-94.6421666,McCurtain,Lower Red R.,
Quapaw Creek: Hwy 20,36.3675583,-96.0694,Osage,Arkansas R.,Cross Timbers
Quapaw Creek: Scott,36.386917,-97.071111,Osage,Arkansas R.,Central Great Plains
Ranch Creek: Owasso,36.27055556,-95.867,Tulsa,Arkansas R.,Central Irregular Plains
Rawhide Creek: Squires (N 2230),36.037,-99.0255833,Dewey,Canadian R.,Central Great Plains
Relay Creek: Stevenson,35.77559,-98.3995,Blaine,Canadian R.,Central Great Plains
Robinson Creek Tributary: N 3510 Road,35.48998,-96.75341,Lincoln,Canadian R.,Cross Timbers
Rock Creek: 40' Swimming Hole,34.49133333,-96.992,Murray,Washita R.,Cross Timbers
Rock Creek: 60th Avenue NE,35.25528,-97.3531,Cleveland,Canadian R.,Cross Timbers
Rock Creek: Hwy 33,35.99325,-96.136689,Creek,Arkansas R.,Cross Timbers
Rock Creek: Oklahoma Street,34.5104444,-96.9717777,Murray,Washita R.,Cross Timbers
Rock Creek: S 630 Road,36.9327,-94.75098,Ottawa,Arkansas R.,Ozark Highlands
Rock Creek: Sulphur High School,34.50886111,-96.973,Murray,Washita R.,Cross Timbers
Rock Creek: Garrett's Lake Rd,35.40571,-96.88651,Pottawatomie,Canadian R.,Cross Timbers
Rock Creek: Hwy 18,35.400348,-96.912166,Pottawatomie,Canadian R.,
Rock Creek: Rock Creek Rd,34.01167,-95.3663,Choctaw,Little R.,South Central Plains
Rock Creek: Williams,34.741294,-95.049554,LeFlore,Lower Red R.,
Rush Creek: Hwy 76,34.69627,-97.59943,Garvin,Washita R.,Cross Timbers
Salt Fork Arkansas River: Hwy 281,36.815018,-98.647851,Woods,Arkansas R.,Central Great Plains
Sanborn Hazen Lake Creek: Stickland Park,36.12533,-97.05841,Payne,Cimarron R.,Cross Timbers
Sand Creek: Osage Hills State Park,36.72837,-96.18233,Osage,Arkansas R.,Cross Timbers
Sandy Creek: Propst,35.69508,-96.35695,Creek,Canadian R.,Cross Timbers
Sans Bois Creek,35.10064,-95.2796,Haskell,Arkansas R.,Arkansas Valley
Sharp Creek: Smith Grove,36.81093,-100.8199,Beaver,Canadian R.,Southwestern Tablelands
Sharp Creek: Smith Silo,36.816239,-100.830817,Beaver,Canadian R.,Southwestern Tablelands
Shell Branch: Pruitt's,35.932776,-94.599158,Adair,Illinois R.,Ozark Highlands
Shoal Creek: Rainbow Creek aka Horse Shoe Bend,37.04361,-94.65722,Cherokee,Arkansas R.,
Silver Creek: Spencer Rd,35.518167,-97.379424,Oklahoma,Canadian R.,
Sixmile Creek: N 2720 Road,35.57504,-98.15406,Canadian,Canadian R.,Central Great Plains
Sixmile Creek: Kouba Farm,35.51855,-97.9119,Canadian,Canadian R.,Central Great Plains
Smith Hollow Creek: Adam Thirsty Road,35.8126944,-94.75075,Adair,Illinois R.,Ozark Highlands
Soldier Creek: County Road 74,35.941751,-97.230707,Logan,Cimarron R.,Cross Timbers
Soldier Creek: Hwy 66,35.66681,-97.31393,Oklahoma,Canadian R.,Cross Timbers
Soldier Creek: Reno Ave.,35.4645,-97.3804,Oklahoma,Canadian R.,Cross Timbers
South Fork Cavalry Creek: Byrd,35.2039,-98.9554,Washita,Washita R.,Central Great Plains
South Quapaw Creek: Meeker Lake Coutfall,35.4943,-96.9347,Lincoln,Canadian R.,Cross Timbers
Spring Creek: Cavalier Road,36.12777778,-95.20755556,Mayes,Arkansas R.,Ozark Highlands
Spring Creek: Cherokee Cattle Company,36.0914,-95.0838,Cherokee,Arkansas R.,Ozark Highlands
Spring Creek: Coopers,36.124735,-95.2144075,Mayes,Arkansas R.,Ozark Highlands
Spring Creek: Fram Site,36.12547222,-94.947,Cherokee,Arkansas R.,Ouachita Mountains
Spring Creek: Horinek,36.835617,-97.078907,Kay,Arkansas R.,Central Great Plains
Spring Creek: I-35,35.64744,-97.424,Oklahoma,Canadian R.,Cross Timbers
Spring Creek: Oaks,36.16925,-94.856,Delaware,Arkansas R.,Ozark Highlands
Spring Creek: Reed Auto/Kansas,36.205,-98.6065,Delaware,Cimarron R.,Central Great Plains
Spring Creek: Rocky Ford,36.144477,-94.907317,Cherokee,Arkansas R.,Ozark Highlands
Spring Creek: Rooney,36.08444,-95.03444,Cherokee,Arkansas R.,Ozark Highlands
"Spring Creek: Timberlake, Downstream",36.123046,-95.109005,Cherokee,Arkansas R.,Ozark Highlands
Spring Creek: Martin Park,35.6048,-97.6082,Oklahoma,Cimarron R.,Central Great Plains
Spring Creek: Oklahoma Ave.,36.4334,-99.4208,Woodward,Canadian R.,Central Great Plains
Spring Creek: Three Spring Farm,36.1559,-94.87267,Cherokee,Arkansas R.,Ozark Highlands
Spring River: Wenzel,36.92083,-94.73758,Ottawa,Arkansas R.,
Spunky Creek: Berry Sports Complex,36.18058,-95.74153,Rogers,Arkansas R.,Central Irregular Plains
Spunky Creek: Hwy 412,36.1626111,-95.7454166,Rogers,Arkansas R.,Central Irregular Plains
Stage Stand Creek: Hwy 81,34.57554,-97.96705,Stephens,Upper Red R.,Cross Timbers
Stillwater Creek: Babcock Park,36.10425,-97.0876111,Payne,Cimarron R.,Cross Timbers
Stillwater Creek: Mid 2,36.079,-96.9979,Payne,Cimarron R.,
Stillwater Creek: South Sangre Road,36.11808,-97.10511,Payne,Cimarron R.,Cross Timbers
Stillwater Creek: Western,36.10425,-97.08761,Payne,Cimarron R.,Central Great Plains
Stillwater Creek: Brush Creek Rd,36.089,-97.0157,Payne,Cimarron R.,Central Great Plains
Stillwater Creek: N3370 Rd.,36.0789,-96.9978,Payne,Cimarron R.,Central Great Plains
Sugar Creek: CR 1320,35.10244,-98.17707,Caddo,Washita R.,Cross Timbers
Summerfield Creek: S. 4510 Road,36.46065,-94.975383,Delaware,Arkansas R.,Ozark Highlands
Sycamore Creek: D 4685,36.80783333,-94.645,Ottawa,Arkansas R.,Ozark Highlands
TAG Trib to North Canadian River: West 19nd Street,35.66745,-98.28873,Canadian,Canadian R.,Central Great Plains
Tahlequah Creek: Ross Branch,35.89618,-94.97092,Cherokee,Illinois R.,Ouachita Mountains
Tahlequah Town Branch: Basin Street,35.89683333,-94.97,Cherokee,Illinois R.,Ouachita Mountains
Tahlequah Town Branch: Spring Street,35.91786111,-94.97,Cherokee,Illinois R.,Ouachita Mountains
Taloka Creek: N 4430,35.29578333,-95.13306667,Haskell,Canadian R.,Arkansas Valley
Tar Creek: E 40 Road (Douthat Road Bridge),36.9581,-94.84495,Ottawa,Arkansas R.,Central Irregular Plains
Tar Creek: H Street N.E.,36.88615,-94.86865,Ottawa,Arkansas R.,Central Irregular Plains
Target Creek: Ft. Reno,35.565383,-98.015252,Canadian,Canadian R.,Central Great Plains
Tenmile Creek: Davis,34.298889,-95.737222,Pushmataha,Little R.,Ouachita Mountains
Tiger Creek: Woods,35.98603,-96.5992,Creek,Cimarron R.,Cross Timbers
Traders Creek: Bat Cave Rd,36.71465,-99.23635,Woodward,Cimarron R.,Central Great Plains
Travertine Creek: Central Campground,34.5045,-96.968,Murray,Washita R.,Cross Timbers
Trib to Coody Creek: Robinson Park,35.7318,-95.3565,Muskogee,Arkansas R.,Central Irregular Plains
Trib to Fourche Maline Creek: Spring Creek @ Chaney Hollow,34.88002,-95.16533,Latimer,Arkansas R.,Ouachita Mountains
Turkey Creek,36.7478,-95.9369,Washington,Arkansas R.,Cross Timbers
Turkey Creek: Bike Path,36.7515,-95.9205,Washington,Arkansas R.,
Twin Hills Creek: 121st,35.988365,-95.895308,Tulsa,Arkansas R.,Central Irregular Plains
Tyner Creek: TB4,36.02194444,-94.73166667,Adair,Illinois R.,Ouachita Mountains
Unknown Trib to Arkansas River,35.75839,-95.30722,Muskogee,Arkansas R.,Boston Mountains
Unnamed Trib of North Canadian River: Chisholm Trail Park,35.4871,-97.7498,Canadian,Canadian R.,Central Great Plains
Unnamed Trib to Bird Creek: EW 136 Road,35.04332,-96.3988,Hughes,Canadian R.,Cross Timbers
Unnamed Trib to Bird Creek: NS 371 / EW 134 (Dump Ground Road),35.07176,-96.40621,Hughes,Canadian R.,Cross Timbers
Unnamed Trib to Croton Creek: N 176 Road,35.59687,-99.85535,Roger Mills,Washita R.,Central Great Plains
Unnamed Trib to Dirty Butter Creek: Crawford Park,36.1888055,-95.9828888,Tulsa,Arkansas R.,Central Irregular Plains
Unnamed Trib to Harlow Creek: Golden Acres,36.18867,-96.04142,Osage,Arkansas R.,Cross Timbers
Unnamed Trib to Little Joe Creek: LaFortune Park,36.07946667,-95.92121667,Tulsa,Arkansas R.,Cross Timbers
Unnamed Trib to Rock Creek: Davis Park,35.98938,-96.106,Creek,Arkansas R.,Cross Timbers
Unnamed Trib to Traders Creek: Salty Creek,36.68239,-99.27656,Woodward,Cimarron R.,Central Great Plains
Unnamed Trib to West Captain Creek: Harrah Road,35.58083333,-97.15866667,Oklahoma,Canadian R.,Cross Timbers
Unnamed Trib. To Walnut Creek: Rockwell Avenue,35.12376,-97.63537,McClain,Canadian R.,Cross Timbers
Unnamed Tributary of Twin Hills Creek: S. 71st E. Ave.,36.0285,-95.8973,Tulsa,Arkansas R.,Central Irregular Plains
Wall Trip Branch to the Baron Fork: Chicken Creek,35.91552,-94.82083,Cherokee,Illinois R.,Ozark Highlands
Walnut Creek: Purcell,34.99915,-97.3624166,McClain,Canadian R.,Cross Timbers
Washita River: Black Kettle,35.6203333,-99.7123611,Roger Mills,Washita R.,Central Great Plains
Washita River: McClure (N 2070),35.6570555,-99.3059444,Custer,Washita R.,Central Great Plains
Washita River: Riverside,35.6374722,-99.2741388,Custer,Washita R.,Central Great Plains
West Cache Creek,34.62699,-98.64412,Comanche,Upper Red R.,Central Great Plains
West Cache Creek: Boulder Picnic Area,34.7000277,-98.6769166,Comanche,Upper Red R.,Central Great Plains
West Cache Creek: Hwy 62,34.639,-98.64686,Comanche,Upper Red R.,Central Great Plains
West Elm Creek: S.E. 164th,35.305,-97.35638889,Oklahoma,Canadian R.,Cross Timbers
West Elm: Douglas Blvd.,35.31817,-97.3706,Cleveland,Canadian R.,Cross Timbers
Wewoka Creek: Lima (N 3610),35.1721944,-96.5816666,Seminole,Canadian R.,Cross Timbers
"Whitewater Creek: D 4650, Scott",36.497,-94.75716667,Delaware,Arkansas R.,Ozark Highlands
Whitewater Creek: E 330 Road,36.539,-94.75964,Delaware,Arkansas R.,Ouachita Mountains
Wildhorse Creek: N 3520 Road,35.92025,-96.7316111,Lincoln,Cimarron R.,Cross Timbers
"Wildhorse Tributary: D3790, Peach Orchard Road",36.3315,-96.23786667,Osage,Arkansas R.,Cross Timbers
Wolf Creek: Cherokee (S 680),36.62163889,-94.766,Delaware,Arkansas R.,Ozark Highlands
Wolf Creek: McMahon Soccer Park,34.59065,-98.43493,Comanche,Upper Red R.,Central Great Plains
Wolf Creek: Prentice,36.85422,-97.01372,Kay,Arkansas R.,Central Great Plains
Wolf Creek: US Hwy 283,36.30192,-99.88236,Ellis,Canadian R.,Southwestern Tablelands
Wolf Creek: US Hwy 46,36.32638889,-99.76080556,Ellis,Canadian R.,Southwestern Tablelands
Wolf Creek: Gore Blvd.,34.60876,-98.44398,Comanche,Upper Red R.,Central Great Plains
"Woods Creek: Hwy 63, Whitesboro",34.69272222,-94.88238889,LeFlore,Little R.,Ouachita Mountains
Yashoo Creek: Little River NWR,33.9486944,-94.7345,McCurtain,Little R.,South Central Plains
Bird Creek: Avant,36.48522,-96.061,Osage,Arkansas R.,
Little Deep Creek: Weatherford,35.51852778,-98.70008333,Custer,Canadian R.,
Chisholm Creek: 33rd & Western,35.6233,-97.5335,Oklahoma,,
Trib to Coody Creek: Robison Park,35.7318,-95.3565,Muskogee,,
Boomer Creek: 3rd Ave,36.1190586,-97.0518204,Payne,,
Cloudy Creek: Glass,34.3037,-95.2874,Pushmataha,,
Coffee Creek: N. Sooner Rd.,35.68991,-97.425225,Oklahoma,,
Coal Creek: N. Sara Rd.,35.2967,-97.7063,Grady,,
"Little Deep Creek: Weatherford, Upstream of Treat",35.51852778,-98.70008333,Custer,,
Crutcho Creek: First Baptist Church,35.401388,-97.4232,Oklahoma,,
Little River: N. Porter Ave.,35.2688,-97.44136,Cleveland,,
Shell Branch: Pruitt,35.93278,-94.5992,Adair,,
Brush Creek: 460 Road,36.4053,-94.7955,Delaware,,
Cat Creek: Park on Muskogee Ave.,36.302753,-95.615872,Rogers,,
East Cache Creek: Rodgers Lane,34.63778,-98.3618,Comanche,,
Haikey Tributary: 101st Street South,36.0172777,-95.8605555,Tulsa,,
Sanborn-Hazen Lake Creek: Strickland Park,36.125329,-97.05840954,Payne,,
Horse Creek: S 540 Road,36.677748,-94.908947,Ottawa,,
Sandy Creek: Bennett,34.650789,-98.79465,Comanche,,
West Elm Creek: S. Douglas,35.318175,-97.3706,Cleveland,,
Northeast Creek: MetroTech,35.511583,-97.478173,Oklahoma,,
Silver Creek: Spencer Rd.,35.518167,-97.379424,Oklahoma,,
Twin Hills Creek: E 121st St. S.,35.98365,-95.895308,Tulsa,,
Boomer Creek: S. Perkins,36.1122395,-97.0515,Payne,,
Crow Creek: Casica Hall,36.126994,-95.966,Tulsa,,
Arkansas Trib: Harris,36.164808,-96.20892,Osage,,
Spring Creek: Evans,36.13431,-94.932584,Cherokee,,
Haikey Creek Trib: Wolf Creek Park Bridge,36.024557,-95.8229,Tulsa,,
Town Creek: Paul Mathies Dr.,35.063401,-94.628861,LeFlore,,
Jessie Creek: Hwy 123,36.704841,-96.006563,Osage,,
Sandy Creek,36.836846,-98.202871,Alfalfa,,
Clear Creek: Renfrow Rd.,34.622506,-97.849966,Stephens,,
Mooser Creek: Riverfield,36.07944444,-96.018,Tulsa,,
Stillwater Creek: Lakeview Rd.,36.144673,-97.316338,Payne,,
Spring Creek: I-36,35.66854976,-96.93424741,Oklahoma,,
Soldier Creek: Hwy 67,35.64237005,-97.04029616,Oklahoma,,
Jessie Creek: Hwy 124,35.63399254,-97.07423176,Osage,,
Little Sandy Creek: Hwy 100,35.62666222,-97.10392542,Pontotoc,,
Flat Rock Creek: Hwy 76,35.60886001,-97.17603857,Tulsa,,
Hog Creek: Park,35.459063,-94.768205,Sequoyah,,
Spring Brook Creek: 3450 Rd.,34.865191,-96.860353,Pontotoc,,
Bluff Creek: Broken Tree St,35.5931351,-97.6111154,Oklahoma,,
Twin Hills Creek: Hunter Park,36.031085,-95.911058,Tulsa,,
Pepper Creek: Jeffords,36.29723,-96.86024,Pawnee,,
Haikey Creek Trib: Houston,36.046422,-95.839697,Tulsa,,
Mingo Creek: Hicks Park,36.11361111,-95.865,Tulsa,,
Tahlequah Ross Branch: Town Confluence,35.89618,-94.97092,Cherokee,,
Rock Creek: Garretts Lake Road,35.40571,-96.88651,Pottawatomie,,
Little Lee Creek,35.631122,-94.580975,Sequoyah,,
Soldier Creek: Reno Avenue,35.4644,-97.3804,Oklahoma,,
Coweta Creek: Roland Park,35.960193,-95.662992,Wagoner,,
Sand Creek: Hwy 123,36.71912,-96.00741,Osage,,
Cat Creek: Claremore Christian,36.320874,-95.620894,Rogers,,
Deer Creek: N. Morgan Rd.,35.628756,-97.691779,Canadian,,
Mingo Creek: Trib,36.106375,-95.853413,Tulsa,,
Crow Creek: Discovery Lab,36.117039,-95.985216,Tulsa,,
Salt Branch,36.327403,-95.305193,Mayes,,
Skeleton Creek: E. Southgate Road,36.361655,-97.8006,Garfield,,
Boggy Creek: S. 30th Street,36.390171,-97.836942,Garfield,,
Mingo Creek: 61st,36.07567,-95.870893,Tulsa,,
Hager Creek: E 91st St S,36.031944,-95.998055,Tulsa,,
Baron Fork: Dean,35.908187,-94.528896,Adair,,
Fourteenmile Creek,35.9591,-95.1825,Cherokee,,
Hog Creek: SE 149th,35.319135,-97.249651,Cleveland,,
Vensel Creek: 91st Street South,36.03197222,-95.93666667,Tulsa,,
Walnut Creek: W Hefner Rd,35.5808,-97.6609,Oklahoma,,
Polecat Creek: Taft Ave,35.988207,-96.082219,Creek,,
Big Spring Trib of Bitter Creek: Big Spring Picni,35.93325,-98.44216667,Blaine,,
Chouteau Creek: Bryant Rd,35.072835,-97.321311,Cleveland,,
North Fork Little River: S. Veterans Park,35.327185,-97.45899,Cleveland,,
West Captain Trib: Harrah Road,35.58083333,-97.15866667,Oklahoma,,
Wildhorse Creek,34.6091,-97.9229,Stephens,,
